,atd_location_id,atd_sensor_id,coa_intersection_id,comm_status_datetime_utc,council_district,cross_st,cross_st_block,ip_comm_status,kits_id,landmark,location,location_latitude,location_longitude,location_name,location_type,modified_date,primary_st,primary_st_aka,primary_st_block,reader_id,sensor_mfg,sensor_status,sensor_type,signal_eng_area,turn_on_date
0,LOC17-010425,158,,2018-03-29T03:35:00.000,9,  ,,ONLINE,20,,"{'type': 'Point', 'coordinates': [-97.737262, 30.261476]}",30.261476,-97.737262,700 BLK E CESAR CHAVEZ ST,ROADWAY,2017-07-03T11:04:00.000, CESAR CHAVEZ ST,,700,,Wavetronix,TURNED_ON,RADAR,CENTRAL,2015-10-15T00:00:00.000
1,LOC17-010430,159,5155709,2018-03-29T03:35:00.000,9, JOHANNA ST,101,ONLINE,17,Fulmore Middle School,"{'type': 'Point', 'coordinates': [-97.751737, 30.244513]}",30.244513,-97.751737, CONGRESS AVE / JOHANNA ST (Fulmore Middle School),ROADWAY,2017-07-03T11:15:00.000, CONGRESS AVE,,1900,,Wavetronix,TURNED_ON,RADAR,SOUTHWEST,2016-04-04T00:00:00.000
2,LOC17-010435,160,5152101,2018-06-07T03:35:00.000,5, MANCHACA RD,2801,ONLINE,1,,"{'type': 'Point', 'coordinates': [-97.781705, 30.243875]}",30.243875,-97.781705, LAMAR BLVD / MANCHACA RD,ROADWAY,2017-07-03T11:43:00.000, LAMAR BLVD,,2800,,Wavetronix,TURNED_ON,RADAR,SOUTHWEST,2013-05-05T00:00:00.000
3,LOC16-001010,116,5150579,2018-03-30T03:35:00.000,"5,2",1ST ST,8901,ONLINE,,,"{'type': 'Point', 'coordinates': [-97.7995529, 30.1724548]}",30.1724548,-97.7995529,SLAUGHTER LN / 1ST ST,ROADWAY,,SLAUGHTER LN,,600,south_1st_slaughter,,TURNED_ON,BLUETOOTH,SOUTHWEST,
4,LOC16-000720,113,5154726,2018-03-29T03:35:00.000,"3,9",1ST ST,2301,ONLINE,,,"{'type': 'Point', 'coordinates': [-97.7596207, 30.2421112]}",30.2421112,-97.7596207,OLTORF ST / 1ST ST,ROADWAY,,OLTORF ST,,600,south_1st_oltorf,,TURNED_ON,BLUETOOTH,SOUTHWEST,
5,LOC16-001550,4,5157443,2018-03-04T09:35:00.000,9,TRINITY ST,500,OFFLINE,,,"{'type': 'Point', 'coordinates': [-97.7396774, 30.2661324]}",30.2661324,-97.7396774,5TH ST / TRINITY ST,ROADWAY,,5TH ST,,300,5th_trinity,,TURNED_ON,BLUETOOTH,CENTRAL,
6,LOC16-003670,167,5150518,2018-03-04T09:35:00.000,"10,6", SPICEWOOD SPRINGS RD,8043,OFFLINE,,SCOTLAND WELL DR,"{'type': 'Point', 'coordinates': [-97.7936096, 30.4225273]}",30.4225273,-97.7936096, OLD LAMPASAS TRL / SPICEWOOD SPRINGS RD (SCOTLAND WELL DR),ROADWAY,2017-07-03T15:23:00.000, OLD LAMPASAS TRL,,8800,,Wavetronix,TURNED_ON,RADAR,NORTHWEST,2013-05-05T00:00:00.000
7,LOC16-003725,172,5159052,2018-03-29T03:35:00.000,7, WATERFORD CENTRE BLVD,9234,ONLINE,,,"{'type': 'Point', 'coordinates': [-97.7254715, 30.3773537]}",30.3773537,-97.7254715, BURNET RD / WATERFORD CENTRE BLVD,ROADWAY,2017-08-01T15:39:00.000, BURNET RD,,9300,,TrafficNet,TURNED_ON,BLUETOOTH,NORTHWEST,
8,LOC16-001975,117,5152189,2018-03-29T03:35:00.000,"3,2",1ST ST,5501,ONLINE,,,"{'type': 'Point', 'coordinates': [-97.7815247, 30.2084713]}",30.2084713,-97.7815247,STASSNEY LN / 1ST ST,ROADWAY,,STASSNEY LN,,600,south_1st_stassney,,TURNED_ON,BLUETOOTH,SOUTHWEST,
9,LOC16-002080,30,5150283,2018-05-09T03:35:00.000,5,WEST GATE BLVD,3901,ONLINE,,,"{'type': 'Point', 'coordinates': [-97.8011093, 30.2421951]}",30.2421951,-97.8011093,CAPITAL OF TEXAS HWY / WEST GATE BLVD,ROADWAY,,CAPITAL OF TEXAS HWY,,3800,cap_tx_hwy_westgate,,TURNED_ON,BLUETOOTH,SOUTHWEST,
10,LOC16-007030,111,5168587,2018-05-11T03:35:00.000,,ROSS RD,4501,OFFLINE,,,"{'type': 'Point', 'coordinates': [-97.609533, 30.186287]}",30.186287,-97.609533,SH 71  / ROSS RD,ROADWAY,,SH 71,,4436,tx71_ross,,TURNED_ON,BLUETOOTH,SOUTHEAST,
11,LOC16-000960,176,5149842,2018-04-26T03:35:00.000,5, WILLIAM CANNON DR,2000,ONLINE,,,"{'type': 'Point', 'coordinates': [-97.8069077, 30.2029133]}",30.2029133,-97.8069077, MANCHACA RD / WILLIAM CANNON DR,ROADWAY,2017-08-01T16:04:00.000, MANCHACA RD,,6800,,TrafficNet,TURNED_ON,BLUETOOTH,SOUTHWEST,
12,LOC16-002940,16,5165374,2018-03-29T03:35:00.000,2,EMMA BROWNING AVE,5201,ONLINE,,,"{'type': 'Point', 'coordinates': [-97.6705399, 30.1731625]}",30.1731625,-97.6705399,BURLESON RD / EMMA BROWNING AVE,ROADWAY,,BURLESON RD,,9609,burleson_emma_browning,,TURNED_ON,BLUETOOTH,SOUTHEAST,
13,LOC16-002265,19,5159410,2018-03-29T03:35:00.000,7,BURNET RD,10700,ONLINE,,,"{'type': 'Point', 'coordinates': [-97.7218094, 30.3911648]}",30.3911648,-97.7218094,BRAKER LN / BURNET RD,ROADWAY,,BRAKER LN,,2512,burnet_braker,,TURNED_ON,BLUETOOTH,NORTHWEST,
14,LOC16-000415,21,5157162,2018-03-29T03:35:00.000,7,BURNET RD,5900,ONLINE,,KOENLIG LN,"{'type': 'Point', 'coordinates': [-97.7398224, 30.3348522]}",30.3348522,-97.7398224,ALLANDALE RD / BURNET RD (KOENLIG LN),BUILDING,,ALLANDALE RD,KOENIG LN,2100,burnet_koenig,,TURNED_ON,BLUETOOTH,NORTHWEST,
15,LOC16-003045,23,5158961,2018-03-29T03:35:00.000,7,RESEARCH BLVD SVRD,9052,ONLINE,,,"{'type': 'Point', 'coordinates': [-97.7264786, 30.3728848]}",30.3728848,-97.7264786,BURNET RD / RESEARCH BLVD SVRD,ROADWAY,,BURNET RD,,8927,burnet_us183,,TURNED_ON,BLUETOOTH,NORTHWEST,
16,LOC16-002600,119,5143788,2018-01-11T09:35:00.000,8, FLETCHER LN,6301,OFFLINE,,,"{'type': 'Point', 'coordinates': [-97.888443, 30.2470665]}",30.2470665,-97.888443,SH 71  / FLETCHER LN,ROADWAY,2017-08-01T15:21:00.000,SH 71 ,,7500,tx71_silvermine,TrafficNet,TURNED_ON,BLUETOOTH,SOUTHWEST,
17,LOC16-007260,156,,2018-03-29T03:35:00.000,9,  ,,ONLINE,15,H&B Trail Underpass,"{'type': 'Point', 'coordinates': [-97.759929, 30.268652]}",30.268652,-97.759929,1000 BLK W CESAR CHAVEZ ST (H&B Trail Underpass),ROADWAY,2017-07-03T10:49:00.000, CESAR CHAVEZ ST,,1000,,Wavetronix,TURNED_ON,RADAR,CENTRAL,2015-10-13T00:00:00.000
18,LOC17-010520,195,,2018-03-08T09:35:00.000,9,  ,,NO COMMUNICATION,,,"{'type': 'Point', 'coordinates': [-97.763824, 30.274172]}",30.274172,-97.763824,1600 BLK W 5TH ST,ROADWAY,2018-03-07T00:00:00.000, 5TH ST,,1600,,Wavetronix,TURNED_ON,RADAR,CENTRAL,
19,LOC17-007395,129,,2018-03-04T09:35:00.000,5,,,OFFLINE,,NW 300ft NW of Lamar,"{'type': 'Point', 'coordinates': [-97.770409, 30.248691]}",30.248691,-97.770409,2021 BLK KINNEY AVE (NW 300ft NW of Lamar),ROADWAY,,KINNEY AVE,,2021,kinney_lamar,,TURNED_ON,BLUETOOTH,SOUTHWEST,
20,LOC16-007260,126,,2018-03-29T03:35:00.000,9,,,ONLINE,,H&B Trail Underpass,"{'type': 'Point', 'coordinates': [-97.759929, 30.268652]}",30.268652,-97.759929,1000 BLK W CESAR CHAVEZ ST (H&B Trail Underpass),ROADWAY,,CESAR CHAVEZ ST,,1000,cesar_chavez_trail_underpass,,TURNED_ON,BLUETOOTH,CENTRAL,
21,LOC16-007265,130,,2018-03-29T03:35:00.000,5,,,ONLINE,,South of Barton Springs Rd,"{'type': 'Point', 'coordinates': [-97.765802, 30.264245]}",30.264245,-97.765802,400 BLK ROBERT E LEE RD (South of Barton Springs Rd),ROADWAY,,ROBERT E LEE RD,,400,bartonsprings_robertelee_south,,TURNED_ON,BLUETOOTH,SOUTHWEST,
22,LOC16-000210,136,5157142,2018-01-21T09:35:00.000,9,27TH ST,401,OFFLINE,,,"{'type': 'Point', 'coordinates': [-97.7411499, 30.2919846]}",30.2919846,-97.7411499,GUADALUPE ST / 27TH ST,ROADWAY,,GUADALUPE ST,,2700,guadalupe_27th,,TURNED_ON,BLUETOOTH,CENTRAL,
23,LOC16-000180,137,5157063,2018-03-29T03:35:00.000,9,21ST ST,401,ONLINE,,,"{'type': 'Point', 'coordinates': [-97.7419052, 30.2837963]}",30.2837963,-97.7419052,GUADALUPE ST / 21ST ST,ROADWAY,,GUADALUPE ST,,2100,guadalupe_21st,,TURNED_ON,BLUETOOTH,CENTRAL,
24,LOC16-002785,142,5163550,2018-03-29T03:35:00.000,1,12TH ST,4100,ONLINE,,,"{'type': 'Point', 'coordinates': [-97.6870193, 30.2789841]}",30.2789841,-97.6870193,SPRINGDALE RD / 12TH ST,ROADWAY,,SPRINGDALE RD,,1200,springdale_12th,,TURNED_ON,BLUETOOTH,NORTHEAST,
25,LOC16-004195,24,5150534,2018-05-13T03:35:00.000,10,COURTYARD DR,5400,OFFLINE,,,"{'type': 'Point', 'coordinates': [-97.7952881, 30.352457]}",30.352457,-97.7952881,CAPITAL OF TEXAS HWY / COURTYARD DR,ROADWAY,,CAPITAL OF TEXAS HWY,,5409,cap_tx_hwy_courtyard,,TURNED_ON,BLUETOOTH,NORTHWEST,
26,LOC16-004175,25,5151320,2018-05-13T03:35:00.000,10,LAKEWOOD DR,7200,OFFLINE,,,"{'type': 'Point', 'coordinates': [-97.7856598, 30.3716736]}",30.3716736,-97.7856598,CAPITAL OF TEXAS HWY / LAKEWOOD DR,ROADWAY,,CAPITAL OF TEXAS HWY,,6822,cap_tx_hwy_lakewood,,TURNED_ON,BLUETOOTH,NORTHWEST,
27,LOC16-003280,143,5165229,2018-03-29T03:35:00.000,1,SPRINGDALE RD,6400,ONLINE,,,"{'type': 'Point', 'coordinates': [-97.6690598, 30.3089867]}",30.3089867,-97.6690598,MANOR RD / SPRINGDALE RD,ROADWAY,,MANOR RD,,6508,springdale_manor,,TURNED_ON,BLUETOOTH,NORTHEAST,
28,LOC16-003635,141,5165577,2018-01-20T09:35:00.000,1,51ST ST,5600,OFFLINE,,,"{'type': 'Point', 'coordinates': [-97.6636276, 30.2923031]}",30.2923031,-97.6636276,ED BLUESTEIN BLVD / 51ST ST,ROADWAY,,ED BLUESTEIN BLVD,,5300,51st_us183,,TURNED_ON,BLUETOOTH,NORTHEAST,
29,LOC16-003130,144,5164054,2018-03-29T03:35:00.000,1,SPRINGDALE RD,1800,ONLINE,,,"{'type': 'Point', 'coordinates': [-97.6826248, 30.285862]}",30.285862,-97.6826248,MARTIN LUTHER KING JR BLVD / SPRINGDALE RD,ROADWAY,,MARTIN LUTHER KING JR BLVD,,4600,springdale_mlk,,TURNED_ON,BLUETOOTH,NORTHEAST,
30,LOC16-004095,31,5149583,2018-05-13T03:35:00.000,10,WESTLAKE DR,4300,OFFLINE,,,"{'type': 'Point', 'coordinates': [-97.8062515, 30.3352509]}",30.3352509,-97.8062515,CAPITAL OF TEXAS HWY / WESTLAKE DR,ROADWAY,,CAPITAL OF TEXAS HWY,,3700,cap_tx_hwy_westlake,,TURNED_ON,BLUETOOTH,NORTHWEST,
31,LOC16-000670,146,5157926,2018-03-29T03:35:00.000,"3,9",IH 35 SVRD,100,ONLINE,,,"{'type': 'Point', 'coordinates': [-97.736763, 30.2612305]}",30.2612305,-97.736763,CESAR CHAVEZ ST / 35 SVRD,ROADWAY,,CESAR CHAVEZ ST,,700,cesar_chavez_ih35,,TURNED_ON,BLUETOOTH,CENTRAL,
32,LOC16-001885,147,5158305,2018-03-29T03:35:00.000,9,IH 35 SVRD,1101,ONLINE,,,"{'type': 'Point', 'coordinates': [-97.7348862, 30.2478428]}",30.2478428,-97.7348862,RIVERSIDE DR / 35 SVRD,ROADWAY,,RIVERSIDE DR,,1300,riverside_ih35,,TURNED_ON,BLUETOOTH,SOUTHWEST,
33,LOC16-001645,6,5158201,2018-05-13T03:35:00.000,"3,9",IH 35 SVRD,600,OFFLINE,,,"{'type': 'Point', 'coordinates': [-97.7350006, 30.2658806]}",30.2658806,-97.7350006,6TH ST / 35 SVRD,ROADWAY,,6TH ST,,700,6th_ih35,,TURNED_ON,BLUETOOTH,CENTRAL,
34,LOC16-004265,27,5148102,2018-05-06T03:35:00.000,10,PASCAL LN,2,OFFLINE,,,"{'type': 'Point', 'coordinates': [-97.8260498, 30.3154545]}",30.3154545,-97.8260498,CAPITAL OF TEXAS HWY / PASCAL LN,ROADWAY,,CAPITAL OF TEXAS HWY,,1000,pascal_loop360,,TURNED_ON,BLUETOOTH,NORTHWEST,
35,LOC17-010400,148,5155103,2018-03-29T03:35:00.000,9, SANDRA MURAIDA WAY,200,ONLINE,5,Lamar Bridge,"{'type': 'Point', 'coordinates': [-97.756051, 30.2668]}",30.2668,-97.756051, LAMAR BLVD / SANDRA MURAIDA WAY (Lamar Bridge),ROADWAY,2017-07-03T09:42:00.000, LAMAR BLVD,,101,,Wavetronix,TURNED_ON,RADAR,CENTRAL,2015-03-02T00:00:00.000
36,LOC17-010405,149,,2018-03-29T03:35:00.000,9,  ,,ONLINE,7,South 1st Bridge,"{'type': 'Point', 'coordinates': [-97.74861, 30.260839]}",30.260839,-97.74861,1 BLK S 1ST ST (South 1st Bridge),ROADWAY,2017-07-03T09:47:00.000, 1ST ST,,1,,Wavetronix,TURNED_ON,RADAR,SOUTHWEST,2015-03-02T00:00:00.000
37,LOC16-002455,15,5367215,2018-03-29T03:35:00.000,3,RIVERSIDE DR,7700,ONLINE,,,"{'type': 'Point', 'coordinates': [-97.69118, 30.21883]}",30.21883,-97.69118,BEN WHITE BLVD / RIVERSIDE DR,ROADWAY,,BEN WHITE BLVD,,7700,benwhite_riverside,,TURNED_ON,BLUETOOTH,SOUTHEAST,
38,LOC17-007395,150,,2018-06-06T03:35:00.000,5,  ,,ONLINE,19,NW 300ft NW of Lamar,"{'type': 'Point', 'coordinates': [-97.770409, 30.248691]}",30.248691,-97.770409,2021 BLK KINNEY AVE (NW 300ft NW of Lamar),ROADWAY,2017-07-03T09:49:00.000, KINNEY AVE,,2021,,Wavetronix,TURNED_ON,RADAR,SOUTHWEST,2015-03-02T00:00:00.000
39,LOC17-010410,151,5156224,2018-04-15T03:35:00.000,9, SHOAL CREEK BLVD,2710,ONLINE,3,,"{'type': 'Point', 'coordinates': [-97.74719, 30.292767]}",30.292767,-97.74719, LAMAR BLVD / SHOAL CREEK BLVD,ROADWAY,2017-07-03T10:06:00.000, LAMAR BLVD,,2600,,Wavetronix,TURNED_ON,RADAR,CENTRAL,2014-05-05T00:00:00.000
40,LOC16-001560,3,5157789,2018-04-19T03:35:00.000,9,RED RIVER ST,500,ONLINE,,,"{'type': 'Point', 'coordinates': [-97.7374878, 30.2655354]}",30.2655354,-97.7374878,5TH ST / RED RIVER ST,ROADWAY,,5TH ST,,500,5th_red_river,,TURNED_ON,BLUETOOTH,CENTRAL,
41,LOC17-010415,152,,2018-03-29T03:35:00.000,9,  ,,ONLINE,4,Congress Bridge,"{'type': 'Point', 'coordinates': [-97.746034, 30.259791]}",30.259791,-97.746034,100 BLK S CONGRESS AVE (Congress Bridge),ROADWAY,2017-07-03T10:13:00.000, CONGRESS AVE,,100,,Wavetronix,TURNED_ON,RADAR,SOUTHWEST,2015-03-05T00:00:00.000
42,LOC17-010420,157,5155730,2018-03-29T03:35:00.000,9, N LAMAR SB TO W 15TH RAMP,,ONLINE,16,,"{'type': 'Point', 'coordinates': [-97.750472, 30.279604]}",30.279604,-97.750472, LAMAR BLVD / N LAMAR SB TO W 15TH RAMP,ROADWAY,2017-07-03T10:54:00.000, LAMAR BLVD,,1401,,Wavetronix,TURNED_ON,RADAR,CENTRAL,2015-10-13T00:00:00.000
43,LOC17-010440,161,,2018-01-21T09:35:00.000,5,  ,,OFFLINE,,School Flasher,"{'type': 'Point', 'coordinates': [-97.813191, 30.174019]}",30.174019,-97.813191,1200 BLK W SLAUGHTER LN (School Flasher),ROADWAY,2017-07-03T12:11:00.000, SLAUGHTER LN,,1200,,Wavetronix,TURNED_ON,RADAR,SOUTHWEST,2013-05-05T00:00:00.000
44,LOC16-004185,28,5153292,2018-03-29T03:35:00.000,10,SPICEWOOD SPRINGS RD,5301,ONLINE,,EAST - BLUFFSTONE DR,"{'type': 'Point', 'coordinates': [-97.7667313, 30.3850155]}",30.3850155,-97.7667313,CAPITAL OF TEXAS HWY / SPICEWOOD SPRINGS RD (EAST - BLUFFSTONE DR ),ROADWAY,,CAPITAL OF TEXAS HWY,,8400,cap_tx_hwy_spicewood_springs_north,,TURNED_ON,BLUETOOTH,NORTHWEST,
45,LOC16-004310,29,5149237,2018-04-26T03:35:00.000,8,WALSH TARLTON LN,2715,ONLINE,,,"{'type': 'Point', 'coordinates': [-97.8122482, 30.2579861]}",30.2579861,-97.8122482,CAPITAL OF TEXAS HWY / WALSH TARLTON LN,ROADWAY,,CAPITAL OF TEXAS HWY,,2430,cap_tx_hwy_walsh_tarlton,,TURNED_ON,BLUETOOTH,SOUTHWEST,
46,LOC16-001130,32,5154951,2018-03-29T03:35:00.000,9,B R REYNOLDS DR,100,ONLINE,,,"{'type': 'Point', 'coordinates': [-97.7570953, 30.266964]}",30.266964,-97.7570953,CESAR CHAVEZ ST / B R REYNOLDS DR,ROADWAY,,CESAR CHAVEZ ST,,1000,cesar_chavez_br_reynolds,,TURNED_ON,BLUETOOTH,CENTRAL,
47,LOC16-000740,33,5156722,2018-03-29T03:35:00.000,9,CONGRESS AVE,100,ONLINE,,,"{'type': 'Point', 'coordinates': [-97.7445679, 30.263382]}",30.263382,-97.7445679,CESAR CHAVEZ ST / CONGRESS AVE,ROADWAY,,CESAR CHAVEZ ST,,100,congress_cesar_chavez,,TURNED_ON,BLUETOOTH,CENTRAL,
48,LOC16-000735,34,5156353,2018-03-29T03:35:00.000,9,LAVACA ST,100,ONLINE,,,"{'type': 'Point', 'coordinates': [-97.7469406, 30.2640705]}",30.2640705,-97.7469406,CESAR CHAVEZ ST / LAVACA ST,ROADWAY,,CESAR CHAVEZ ST,,300,cesar_chavez_lavaca,,TURNED_ON,BLUETOOTH,CENTRAL,
49,LOC16-001235,36,5157222,2018-03-29T03:35:00.000,1,11TH ST,101,ONLINE,,,"{'type': 'Point', 'coordinates': [-97.7411041, 30.2727489]}",30.2727489,-97.7411041,CONGRESS AVE / 11TH ST,ROADWAY,,CONGRESS AVE,,1000,congress_11th,,TURNED_ON,BLUETOOTH,CENTRAL,
50,LOC16-001535,37,5156914,2018-03-29T03:35:00.000,9,CONGRESS AVE,500,ONLINE,,,"{'type': 'Point', 'coordinates': [-97.7431717, 30.2671185]}",30.2671185,-97.7431717,5TH ST / CONGRESS AVE,ROADWAY,,5TH ST,,100,congress_5th,,TURNED_ON,BLUETOOTH,CENTRAL,
51,LOC16-004120,162,5151885,2018-03-29T03:35:00.000,"10,6", FOUR IRON DR,11600,ONLINE,2,,"{'type': 'Point', 'coordinates': [-97.7782974, 30.4316254]}",30.4316254,-97.7782974, SPICEWOOD SPRINGS RD / FOUR IRON DR,ROADWAY,2018-02-09T16:08:00.000, SPICEWOOD SPRINGS RD,,8551,,Wavetronix,TURNED_ON,RADAR,NORTHWEST,
52,LOC17-010445,163,,2018-03-29T03:35:00.000,5,  ,,ONLINE,22,Collier,"{'type': 'Point', 'coordinates': [-97.765746, 30.250802]}",30.250802,-97.765746,1612 BLK S LAMAR BLVD (Collier),ROADWAY,2017-11-20T14:06:00.000, LAMAR BLVD,,1612,,Wavetronix,TURNED_ON,RADAR,SOUTHWEST,2016-10-07T00:00:00.000
53,LOC16-004930,164,,2018-04-26T03:35:00.000,5,  ,,ONLINE,10,BROKEN SPOKE,"{'type': 'Point', 'coordinates': [-97.7866669, 30.2404709]}",30.2404709,-97.7866669,3201 BLK S LAMAR BLVD (BROKEN SPOKE),ROADWAY,2017-07-03T13:14:00.000, LAMAR BLVD,,3201,,Wavetronix,TURNED_ON,RADAR,SOUTHWEST,2016-10-07T00:00:00.000
54,LOC16-006930,47,5166789,2018-04-20T03:35:00.000,2,FM 812 RD,12510,ONLINE,,COTA SOUTH  GATE,"{'type': 'Point', 'coordinates': [-97.647147, 30.132037]}",30.132037,-97.647147,CIRCUIT OF THE AMERICAS BLVD / 812 RD (COTA SOUTH  GATE),ROADWAY,,CIRCUIT OF THE AMERICAS BLVD,COTA SOUTH  GATE,9514,cota_southgate,,TURNED_ON,BLUETOOTH,SOUTHEAST,
55,LOC16-002270,165,5159845,2018-06-05T03:35:00.000,7, PALM WAY,2901,ONLINE,23,IBM DRIVEWAY,"{'type': 'Point', 'coordinates': [-97.7176056, 30.4022865]}",30.4022865,-97.7176056, BURNET RD / PALM WAY (IBM DRIVEWAY),ROADWAY,2017-07-03T13:15:00.000, BURNET RD,,11700,,Wavetronix,TURNED_ON,RADAR,NORTHWEST,2016-12-02T00:00:00.000
56,LOC16-004175,166,5151320,2018-05-16T03:35:00.000,10, LAKEWOOD DR,7200,ONLINE,24,,"{'type': 'Point', 'coordinates': [-97.7856598, 30.3716736]}",30.3716736,-97.7856598, CAPITAL OF TEXAS HWY / LAKEWOOD DR,ROADWAY,2017-07-03T13:25:00.000, CAPITAL OF TEXAS HWY,,6822,,Wavetronix,TURNED_ON,RADAR,NORTHWEST,2017-02-01T00:00:00.000
57,LOC16-003460,171,5167104,2018-01-20T09:35:00.000,1, DECKER LN,5200,OFFLINE,,,"{'type': 'Point', 'coordinates': [-97.6372757, 30.2767944]}",30.2767944,-97.6372757,FM 969 RD / DECKER LN,ROADWAY,2017-08-01T15:11:00.000,FM 969 RD,,8600,,TrafficNet,TURNED_ON,BLUETOOTH,NORTHEAST,
58,LOC16-001480,38,5156982,2018-03-29T03:35:00.000,9,CONGRESS AVE,600,ONLINE,,,"{'type': 'Point', 'coordinates': [-97.7428131, 30.2680664]}",30.2680664,-97.7428131,6TH ST / CONGRESS AVE,ROADWAY,,6TH ST,,100,congress_6th,,TURNED_ON,BLUETOOTH,CENTRAL,
59,LOC16-000685,42,5156395,2018-03-29T03:35:00.000,9,RIVERSIDE DR,101,ONLINE,,,"{'type': 'Point', 'coordinates': [-97.7468719, 30.257143]}",30.257143,-97.7468719,CONGRESS AVE / RIVERSIDE DR,ROADWAY,,CONGRESS AVE,,300,riverside_congress,,TURNED_ON,BLUETOOTH,SOUTHWEST,
60,LOC16-002005,44,5152923,2018-03-29T03:35:00.000,"3,2",STASSNEY LN,100,ONLINE,,,"{'type': 'Point', 'coordinates': [-97.77479, 30.204942]}",30.204942,-97.77479,CONGRESS AVE / STASSNEY LN,ROADWAY,,CONGRESS AVE,,5536,congress_stassney,,TURNED_ON,BLUETOOTH,SOUTHWEST,
61,LOC16-004845,50,5150922,2018-05-13T03:35:00.000,10,FM 2222 RD,5721,OFFLINE,,,"{'type': 'Point', 'coordinates': [-97.7905273, 30.359251]}",30.359251,-97.7905273,CAPITAL OF TEXAS HWY / 2222 RD,ROADWAY,,CAPITAL OF TEXAS HWY,,5800,fm2222_loop360,,TURNED_ON,BLUETOOTH,NORTHWEST,
62,LOC16-002035,39,5154265,2018-03-31T03:35:00.000,3,BEN WHITE BLVD SVRD,100,OFFLINE,,,"{'type': 'Point', 'coordinates': [-97.7635956, 30.2234097]}",30.2234097,-97.7635956,CONGRESS AVE / BEN WHITE BLVD SVRD,ROADWAY,,CONGRESS AVE,,3900,congress_benwhite,,TURNED_ON,BLUETOOTH,SOUTHWEST,
63,LOC16-001015,5,5153995,2018-03-29T03:35:00.000,9,CAMPBELL ST,500,ONLINE,,,"{'type': 'Point', 'coordinates': [-97.7642212, 30.2757683]}",30.2757683,-97.7642212,6TH ST / CAMPBELL ST,ROADWAY,,6TH ST,,1600,6th_campbell,,TURNED_ON,BLUETOOTH,CENTRAL,
64,LOC17-010455,169,,2018-04-26T03:35:00.000,8,  ,,ONLINE,12,WB US 290 flyover,"{'type': 'Point', 'coordinates': [-97.819724, 30.233677]}",30.233677,-97.819724,BLK W 290 WB TO S MOPAC SB RAMP (WB US 290 flyover),ROADWAY,2017-07-05T08:01:00.000, W 290 WB TO S MOPAC SB RAMP,,,,Wavetronix,TURNED_ON,RADAR,SOUTHWEST,2013-05-05T00:00:00.000
65,LOC17-012280,190,,2017-12-02T03:35:00.000,10,  ,,NO COMMUNICATION,,,"{'type': 'Point', 'coordinates': [-97.76059, 30.428004]}",30.428004,-97.76059,12018 BLK JOLLYVILLE RD,ROADWAY,2017-12-01T16:45:00.000, JOLLYVILLE RD,,12018,,Wavetronix,TURNED_ON,RADAR,NORTHWEST,2013-05-05T00:00:00.000
66,LOC16-000525,67,5155961,2018-04-15T03:35:00.000,"10,9",29TH ST,1001,ONLINE,,,"{'type': 'Point', 'coordinates': [-97.7484741, 30.2981358]}",30.2981358,-97.7484741,LAMAR BLVD / 29TH ST,ROADWAY,,LAMAR BLVD,,2900,lamar_29th,,TURNED_ON,BLUETOOTH,CENTRAL,
67,LOC16-002245,20,5160013,2018-01-11T09:35:00.000,7,GAULT LN,2901,OFFLINE,,,"{'type': 'Point', 'coordinates': [-97.7160492, 30.4049339]}",30.4049339,-97.7160492,BURNET RD / GAULT LN,ROADWAY,,BURNET RD,,11700,burnet_gault,,TURNED_ON,BLUETOOTH,NORTHWEST,
68,LOC16-000510,68,5156777,2018-04-15T03:35:00.000,"10,9",LAMAR BLVD,3800,ONLINE,,,"{'type': 'Point', 'coordinates': [-97.7430496, 30.3051968]}",30.3051968,-97.7430496,38TH ST / LAMAR BLVD,ROADWAY,,38TH ST,,1000,lamar_38th,,TURNED_ON,BLUETOOTH,CENTRAL,
69,LOC16-002425,22,5160020,2018-01-20T09:35:00.000,7,MOPAC EXPY SVRD,11975,OFFLINE,,,"{'type': 'Point', 'coordinates': [-97.7158508, 30.4078178]}",30.4078178,-97.7158508,DUVAL RD / MOPAC EXPY SVRD,ROADWAY,,DUVAL RD,,3000,burnet_duval_loop1,,TURNED_ON,BLUETOOTH,NORTHWEST,
70,LOC16-000445,17,5156974,2018-03-29T03:35:00.000,"10,7,9",45TH ST,1401,ONLINE,,,"{'type': 'Point', 'coordinates': [-97.7415695, 30.3154011]}",30.3154011,-97.7415695,BURNET RD / 45TH ST,ROADWAY,,BURNET RD,,4500,burnet_45th,,TURNED_ON,BLUETOOTH,CENTRAL,
71,LOC16-004345,26,5149983,2018-05-09T03:35:00.000,8,MOPAC EXPY SVRD,3445,OFFLINE,,,"{'type': 'Point', 'coordinates': [-97.8040085, 30.2477283]}",30.2477283,-97.8040085,CAPITAL OF TEXAS HWY / MOPAC EXPY SVRD,ROADWAY,,CAPITAL OF TEXAS HWY,,3511,cap_tx_hwy_loop1_nbsr,,TURNED_ON,BLUETOOTH,SOUTHWEST,
72,LOC16-007020,59,5165411,2018-03-29T03:35:00.000,2,FM 812 RD,10000,ONLINE,,,"{'type': 'Point', 'coordinates': [-97.670519, 30.15286]}",30.15286,-97.670519,FM 973 RD / 812 RD,ROADWAY,,FM 973 RD,,7320,fm812_fm973,,TURNED_ON,BLUETOOTH,SOUTHEAST,
73,LOC16-004600,52,5153101,2018-05-09T03:35:00.000,10,MESA DR,5700,ONLINE,,,"{'type': 'Point', 'coordinates': [-97.7696381, 30.3413143]}",30.3413143,-97.7696381,FM 2222 RD / MESA DR,ROADWAY,,FM 2222 RD,,4014,fm2222_mesa,,TURNED_ON,BLUETOOTH,NORTHWEST,
74,LOC16-002155,53,5154483,2018-05-09T03:35:00.000,10,NORTHLAND DR,3453,ONLINE,,,"{'type': 'Point', 'coordinates': [-97.7589417, 30.3384666]}",30.3384666,-97.7589417,FM 2222 RD / NORTHLAND DR,ROADWAY,,FM 2222 RD,,3500,fm2222_parkcrest,,TURNED_ON,BLUETOOTH,NORTHWEST,
75,LOC16-001080,62,5156901,2018-03-29T03:35:00.000,9,15TH ST,300,ONLINE,,,"{'type': 'Point', 'coordinates': [-97.743, 30.2779]}",30.2779,-97.743,GUADALUPE ST / 15TH ST,ROADWAY,,GUADALUPE ST,,1500,guadalupe_15th,,TURNED_ON,BLUETOOTH,CENTRAL,
76,LOC16-001570,63,5156387,2018-03-29T03:35:00.000,9,GUADALUPE ST,500,ONLINE,,,"{'type': 'Point', 'coordinates': [-97.7466354, 30.2680931]}",30.2680931,-97.7466354,5TH ST / GUADALUPE ST,ROADWAY,,5TH ST,,400,guadalupe_5th,,TURNED_ON,BLUETOOTH,CENTRAL,
77,LOC16-001465,64,5156452,2018-03-29T03:35:00.000,9,GUADALUPE ST,600,ONLINE,,,"{'type': 'Point', 'coordinates': [-97.7462616, 30.2690239]}",30.2690239,-97.7462616,6TH ST / GUADALUPE ST,ROADWAY,,6TH ST,,400,guadalupe_6th,,TURNED_ON,BLUETOOTH,CENTRAL,
78,LOC16-000755,35,5157601,2018-01-11T09:35:00.000,9,RED RIVER ST,96,OFFLINE,,,"{'type': 'Point', 'coordinates': [-97.7387924, 30.2617817]}",30.2617817,-97.7387924,CESAR CHAVEZ ST / RED RIVER ST,ROADWAY,,CESAR CHAVEZ ST,,400,cesar_chavez_red_river,,TURNED_ON,BLUETOOTH,CENTRAL,
79,LOC16-000535,66,5155404,2018-03-29T03:35:00.000,9,24TH ST,1301,ONLINE,,,"{'type': 'Point', 'coordinates': [-97.7527695, 30.2885342]}",30.2885342,-97.7527695,LAMAR BLVD / 24TH ST,ROADWAY,,LAMAR BLVD,,2300,lamar_24th,,TURNED_ON,BLUETOOTH,CENTRAL,
80,LOC16-000505,69,5157553,2018-03-29T03:35:00.000,"10,9",45TH ST,1001,ONLINE,,,"{'type': 'Point', 'coordinates': [-97.7375946, 30.3134632]}",30.3134632,-97.7375946,LAMAR BLVD / 45TH ST,ROADWAY,,LAMAR BLVD,,4400,lamar_45th,,TURNED_ON,BLUETOOTH,CENTRAL,
81,LOC16-000710,41,5155470,2018-01-11T09:35:00.000,"3,9",OLTORF ST,101,OFFLINE,,,"{'type': 'Point', 'coordinates': [-97.7535172, 30.23876]}",30.23876,-97.7535172,CONGRESS AVE / OLTORF ST,ROADWAY,,CONGRESS AVE,,2300,congress_oltorf,,TURNED_ON,BLUETOOTH,SOUTHWEST,
82,LOC16-001725,7,5159761,2018-03-29T03:35:00.000,"3,1",CHICON ST,700,ONLINE,,,"{'type': 'Point', 'coordinates': [-97.7221146, 30.2625771]}",30.2625771,-97.7221146,7TH ST / CHICON ST,ROADWAY,,7TH ST,,1700,7th_chicon,,TURNED_ON,BLUETOOTH,CENTRAL,
83,LOC16-000010,70,5158588,2018-03-29T03:35:00.000,"7,9",51ST ST,601,ONLINE,,,"{'type': 'Point', 'coordinates': [-97.7308197, 30.3187695]}",30.3187695,-97.7308197,LAMAR BLVD / 51ST ST,ROADWAY,,LAMAR BLVD,,5000,lamar_51st,,TURNED_ON,BLUETOOTH,NORTHEAST,
84,LOC16-005240,60,5166703,2018-04-04T03:35:00.000,2,PEARCE LN,10800,ONLINE,,,"{'type': 'Point', 'coordinates': [-97.64674967, 30.18069517]}",30.18069517,-97.64674967,FM 973 RD / PEARCE LN,ROADWAY,,FM 973 RD,,4700,fm973_pearce,,TURNED_ON,BLUETOOTH,SOUTHEAST,
85,LOC16-004070,54,5146187,2018-05-13T03:35:00.000,"10,6",RIVER PLACE BLVD,6701,OFFLINE,,,"{'type': 'Point', 'coordinates': [-97.8455124, 30.3945255]}",30.3945255,-97.8455124,FM 2222 RD / RIVER PLACE BLVD,ROADWAY,,FM 2222 RD,,10600,fm2222_riverplace,,TURNED_ON,BLUETOOTH,NORTHWEST,
86,LOC16-004240,56,5149559,2018-05-13T03:35:00.000,10,BELL MOUNTAIN DR,7751,OFFLINE,,,"{'type': 'Point', 'coordinates': [-97.8054581, 30.3771896]}",30.3771896,-97.8054581,FM 2222 RD / BELL MOUNTAIN DR,ROADWAY,,FM 2222 RD,,7706,fm2222_bell_mountain,,TURNED_ON,BLUETOOTH,NORTHWEST,
87,LOC16-000980,170,5156706,2018-03-29T03:35:00.000,2, WILLIAM CANNON DR,5100,ONLINE,,,"{'type': 'Point', 'coordinates': [-97.7469025, 30.1796741]}",30.1796741,-97.7469025, PLEASANT VALLEY RD / WILLIAM CANNON DR,ROADWAY,2017-08-01T15:09:00.000, PLEASANT VALLEY RD,,6406,,TrafficNet,TURNED_ON,BLUETOOTH,SOUTHEAST,
88,LOC16-002300,76,5163282,2018-05-12T03:35:00.000,"7,4",LAMAR BLVD,11300,ONLINE,,,"{'type': 'Point', 'coordinates': [-97.6863708, 30.3819351]}",30.3819351,-97.6863708,BRAKER LN / LAMAR BLVD,BUILDING,,BRAKER LN,,700,lamar_braker,,TURNED_ON,BLUETOOTH,NORTHEAST,
89,LOC16-006925,46,5168033,2018-04-19T03:35:00.000,2,ELROY RD,7713,ONLINE,,COTA NORTH GATE,"{'type': 'Point', 'coordinates': [-97.623441, 30.146154]}",30.146154,-97.623441,CIRCUIT OF THE AMERICAS BLVD / ELROY RD (COTA NORTH GATE),ROADWAY,,CIRCUIT OF THE AMERICAS BLVD,COTA NORTH GATE,7800,cota_northgate,,TURNED_ON,BLUETOOTH,SOUTHEAST,
90,LOC16-004180,173,5154176,2018-03-29T03:35:00.000,10, GREAT HILLS TRL,8901,ONLINE,,,"{'type': 'Point', 'coordinates': [-97.7598343, 30.3881397]}",30.3881397,-97.7598343, CAPITAL OF TEXAS HWY / GREAT HILLS TRL,ROADWAY,2017-08-01T15:41:00.000, CAPITAL OF TEXAS HWY,,8400,,TrafficNet,TURNED_ON,BLUETOOTH,NORTHWEST,
91,LOC16-004065,57,5147094,2018-03-04T09:35:00.000,10,MC NEIL DR,10000,OFFLINE,,,"{'type': 'Point', 'coordinates': [-97.8351898, 30.3920841]}",30.3920841,-97.8351898,FM 2222 RD / MC NEIL DR,ROADWAY,,FM 2222 RD,,10100,fm2222_mcneil,,TURNED_ON,BLUETOOTH,NORTHWEST,
92,LOC16-003860,174,5166219,2018-01-20T09:35:00.000,1, JOHNNY MORRIS RD,5100,OFFLINE,,,"{'type': 'Point', 'coordinates': [-97.653183, 30.2827682]}",30.2827682,-97.653183,FM 969 RD / JOHNNY MORRIS RD,ROADWAY,2017-08-01T15:52:00.000,FM 969 RD,,7000,,TrafficNet,TURNED_ON,BLUETOOTH,NORTHEAST,
93,LOC16-002015,45,5152526,2018-03-29T03:35:00.000,2,WILLIAM CANNON DR,100,ONLINE,,,"{'type': 'Point', 'coordinates': [-97.7788773, 30.1930141]}",30.1930141,-97.7788773,CONGRESS AVE / WILLIAM CANNON DR,ROADWAY,,CONGRESS AVE,,6400,congress_wm_cannon,,TURNED_ON,BLUETOOTH,SOUTHWEST,
94,LOC16-000585,72,5155322,2018-03-29T03:35:00.000,9,LAMAR BLVD,500,ONLINE,,,"{'type': 'Point', 'coordinates': [-97.7539673, 30.2715378]}",30.2715378,-97.7539673,6TH ST / LAMAR BLVD,ROADWAY,,6TH ST,,900,lamar_6th,,TURNED_ON,BLUETOOTH,CENTRAL,
95,LOC16-000040,73,5159899,2018-03-29T03:35:00.000,"7,4",LAMAR BLVD,7001,ONLINE,,,"{'type': 'Point', 'coordinates': [-97.7188721, 30.3376293]}",30.3376293,-97.7188721,AIRPORT BLVD / LAMAR BLVD,ROADWAY,,AIRPORT BLVD,,7001,lamar_airport,,TURNED_ON,BLUETOOTH,NORTHEAST,
96,LOC16-001905,175,5159035,2018-03-29T03:35:00.000,"3,9", PARKER LN,1201,ONLINE,,,"{'type': 'Point', 'coordinates': [-97.7293091, 30.2432289]}",30.2432289,-97.7293091, RIVERSIDE DR / PARKER LN,ROADWAY,2017-08-01T15:55:00.000, RIVERSIDE DR,,1723,,TrafficNet,TURNED_ON,BLUETOOTH,SOUTHWEST,
97,LOC16-003830,43,5151549,2018-03-30T03:35:00.000,"5,2",SLAUGHTER LN,126,ONLINE,,,"{'type': 'Point', 'coordinates': [-97.788559, 30.1671066]}",30.1671066,-97.788559,CONGRESS AVE / SLAUGHTER LN,ROADWAY,,CONGRESS AVE,,8516,congress_slaughter,,TURNED_ON,BLUETOOTH,SOUTHWEST,
98,LOC16-000600,74,5154798,2018-04-26T03:35:00.000,5,BARTON SPRINGS RD,1301,ONLINE,,,"{'type': 'Point', 'coordinates': [-97.758522, 30.2608624]}",30.2608624,-97.758522,LAMAR BLVD / BARTON SPRINGS RD,ROADWAY,,LAMAR BLVD,,419,lamar_barton_springs,,TURNED_ON,BLUETOOTH,SOUTHWEST,
99,LOC16-000615,75,5152555,2018-04-26T03:35:00.000,5,BLUEBONNET LN,2401,ONLINE,,,"{'type': 'Point', 'coordinates': [-97.7771835, 30.2469234]}",30.2469234,-97.7771835,LAMAR BLVD / BLUEBONNET LN,ROADWAY,,LAMAR BLVD,,2261,Lamar_Blue_Bonnet,,TURNED_ON,BLUETOOTH,SOUTHWEST,
100,LOC16-000020,78,5159119,2018-03-29T03:35:00.000,"7,4",LAMAR BLVD,5630,ONLINE,,,"{'type': 'Point', 'coordinates': [-97.7263336, 30.325943]}",30.325943,-97.7263336,KOENIG LN / LAMAR BLVD,ROADWAY,,KOENIG LN,,600,lamar_koenig,,TURNED_ON,BLUETOOTH,NORTHEAST,
101,LOC16-004320,61,5167205,2018-01-21T09:35:00.000,2,FM 973 RD,3301,OFFLINE,,,"{'type': 'Point', 'coordinates': [-97.6377563, 30.2023029]}",30.2023029,-97.6377563,SH 71  / 973 RD,ROADWAY,,SH 71,,3228,fm973_tx71,,TURNED_ON,BLUETOOTH,SOUTHEAST,
102,LOC16-000330,95,5159140,2018-03-29T03:35:00.000,9,32ND ST,902,ONLINE,,,"{'type': 'Point', 'coordinates': [-97.72715, 30.2910519]}",30.2910519,-97.72715,RED RIVER ST / 32ND ST,ROADWAY,,RED RIVER ST,,3100,red_river_32nd,,TURNED_ON,BLUETOOTH,CENTRAL,
103,LOC16-000345,97,5159198,2018-03-29T03:35:00.000,"1,9",RED RIVER ST,2200,ONLINE,,,"{'type': 'Point', 'coordinates': [-97.7267456, 30.2871666]}",30.2871666,-97.7267456,DEAN KEETON ST / RED RIVER ST,ROADWAY,,DEAN KEETON ST,,928,red_river_dean_keeton,,TURNED_ON,BLUETOOTH,CENTRAL,
104,LOC16-002695,98,5161846,2018-03-29T03:35:00.000,3,MONTOPOLIS DR,1901,ONLINE,,,"{'type': 'Point', 'coordinates': [-97.7034378, 30.2249317]}",30.2249317,-97.7034378,RIVERSIDE DR / MONTOPOLIS DR,ROADWAY,,RIVERSIDE DR,,6200,riverside_montopolis,,TURNED_ON,BLUETOOTH,SOUTHWEST,
105,LOC16-001920,99,5159771,2018-03-29T03:35:00.000,3,RIVERSIDE DR,2512,ONLINE,,,"{'type': 'Point', 'coordinates': [-97.7228088, 30.2341137]}",30.2341137,-97.7228088,PLEASANT VALLEY RD / RIVERSIDE DR,ROADWAY,,PLEASANT VALLEY RD,,1950,riverside_plesant_valley,,TURNED_ON,BLUETOOTH,SOUTHWEST,
106,LOC16-000910,77,5151029,2018-04-26T03:35:00.000,5,LAMAR BLVD SVRD,4101,ONLINE,,BRODIE OAKS SHOPPING CENTER,"{'type': 'Point', 'coordinates': [-97.7925873, 30.2362595]}",30.2362595,-97.7925873,LAMAR BLVD / LAMAR BLVD SVRD (BRODIE OAKS SHOPPING CENTER),ROADWAY,,LAMAR BLVD,,3802,Lamar_BrodieOaks,,TURNED_ON,BLUETOOTH,SOUTHWEST,
107,LOC16-002165,51,5154860,2018-03-03T09:35:00.000,10,MOPAC EXPY SVRD,5700,OFFLINE,,,"{'type': 'Point', 'coordinates': [-97.7559586, 30.3367844]}",30.3367844,-97.7559586,NORTHLAND DR / MOPAC EXPY SVRD,ROADWAY,,NORTHLAND DR,,3300,fm2222_loop1,,TURNED_ON,BLUETOOTH,NORTHWEST,
108,LOC16-004310,177,5149237,2018-04-26T03:35:00.000,8, WALSH TARLTON LN,2715,ONLINE,8,,"{'type': 'Point', 'coordinates': [-97.8122482, 30.2579861]}",30.2579861,-97.8122482, CAPITAL OF TEXAS HWY / WALSH TARLTON LN,ROADWAY,2017-08-01T16:21:00.000, CAPITAL OF TEXAS HWY,,2430,,Wavetronix,TURNED_ON,RADAR,SOUTHWEST,
109,LOC16-000050,179,5160009,2018-03-29T03:35:00.000,"7,4", ST JOHNS AVE,613,ONLINE,,,"{'type': 'Point', 'coordinates': [-97.7178421, 30.339407]}",30.339407,-97.7178421, LAMAR BLVD / ST JOHNS AVE,ROADWAY,2017-08-02T09:59:00.000, LAMAR BLVD,,7200,,TrafficNet,TURNED_ON,BLUETOOTH,NORTHEAST,
110,LOC16-001805,9,5162417,2018-04-27T03:35:00.000,3,SHADY LN,702,ONLINE,,,"{'type': 'Point', 'coordinates': [-97.6975708, 30.2533531]}",30.2533531,-97.6975708,7TH ST / SHADY LN,ROADWAY,,7TH ST,,4600,7th_shady,,TURNED_ON,BLUETOOTH,CENTRAL,
111,LOC16-001740,8,5161138,2018-03-04T09:35:00.000,3,PLEASANT VALLEY RD,500,OFFLINE,,,"{'type': 'Point', 'coordinates': [-97.7094955, 30.2601261]}",30.2601261,-97.7094955,7TH ST / PLEASANT VALLEY RD,ROADWAY,,7TH ST,,2750,7th_plesant_valley,,TURNED_ON,BLUETOOTH,CENTRAL,
112,LOC16-000865,180,5162956,2018-03-29T03:35:00.000,3, LEVANDER LOOP,7400,ONLINE,,,"{'type': 'Point', 'coordinates': [-97.692543, 30.2537231]}",30.2537231,-97.692543, AIRPORT BLVD / LEVANDER LOOP,ROADWAY,2017-08-02T10:08:00.000, AIRPORT BLVD,,750,,TrafficNet,TURNED_ON,BLUETOOTH,NORTHEAST,
113,LOC16-000815,183,5161612,2018-03-29T03:35:00.000,1, MARTIN LUTHER KING JR BLVD,3200,ONLINE,,,"{'type': 'Point', 'coordinates': [-97.703949, 30.2825718]}",30.2825718,-97.703949, AIRPORT BLVD / MARTIN LUTHER KING JR BLVD,ROADWAY,2017-08-02T10:12:00.000, AIRPORT BLVD,,1900,,TrafficNet,TURNED_ON,BLUETOOTH,NORTHEAST,
114,LOC16-002330,87,5162155,2018-03-04T09:35:00.000,4,RUNDBERG LN,411,OFFLINE,,,"{'type': 'Point', 'coordinates': [-97.6970215, 30.3631401]}",30.3631401,-97.6970215,LAMAR BLVD / RUNDBERG LN,ROADWAY,,LAMAR BLVD,,9200,lamar_rundberg,,TURNED_ON,BLUETOOTH,NORTHEAST,
115,LOC16-000385,18,5158455,2018-03-29T03:35:00.000,7,BURNET RD,7900,ONLINE,,,"{'type': 'Point', 'coordinates': [-97.730896, 30.3561535]}",30.3561535,-97.730896,ANDERSON LN / BURNET RD,ROADWAY,,ANDERSON LN,,2300,burnet_anderson,,TURNED_ON,BLUETOOTH,NORTHWEST,
116,LOC16-001525,89,5156555,2018-03-04T09:35:00.000,9,LAVACA ST,500,OFFLINE,,,"{'type': 'Point', 'coordinates': [-97.7455444, 30.2677956]}",30.2677956,-97.7455444,5TH ST / LAVACA ST,ROADWAY,,5TH ST,,300,lavaca_5th,,TURNED_ON,BLUETOOTH,CENTRAL,
117,LOC16-004660,184,5154806,2018-01-20T09:35:00.000,9, WALSH ST,500,OFFLINE,,,"{'type': 'Point', 'coordinates': [-97.7581711, 30.2716541]}",30.2716541,-97.7581711, 5TH ST / WALSH ST,ROADWAY,2017-08-02T10:23:00.000, 5TH ST,,1200,,TrafficNet,TURNED_ON,BLUETOOTH,CENTRAL,
118,LOC16-002260,185,5159209,2018-05-17T03:35:00.000,7, RUTLAND DR,2401,ONLINE,11,,"{'type': 'Point', 'coordinates': [-97.7240753, 30.3834267]}",30.3834267,-97.7240753, BURNET RD / RUTLAND DR,ROADWAY,2017-08-17T09:15:00.000, BURNET RD,,10000,,Wavetronix,TURNED_ON,RADAR,NORTHWEST,
119,LOC17-012295,193,,2017-12-02T03:35:00.000,"9,10", 39TH HALF ST,1001,NO COMMUNICATION,,,"{'type': 'Point', 'coordinates': [-97.741928, 30.306806]}",30.306806,-97.741928, LAMAR BLVD / 39TH HALF ST,ROADWAY,2017-12-01T16:53:00.000, LAMAR BLVD,,3908,,Wavetronix,TURNED_ON,RADAR,CENTRAL,2012-05-05T00:00:00.000
120,LOC17-012300,194,,2017-12-02T03:35:00.000,9,  ,,NO COMMUNICATION,,,"{'type': 'Point', 'coordinates': [-97.767453, 30.276033]}",30.276033,-97.767453,BLK N MOPAC SB TO 5TH EB RAMP,ROADWAY,2017-12-01T16:56:00.000, N MOPAC SB TO 5TH EB RAMP,,,,Wavetronix,TURNED_ON,RADAR,CENTRAL,2012-01-01T00:00:00.000
121,LOC16-007035,49,,2018-05-16T03:35:00.000,,  ,,ONLINE,,South of Elroy Rd,"{'type': 'Point', 'coordinates': [-97.64924705, 30.1440611]}",30.1440611,-97.64924705,11406 BLK MC ANGUS RD (South of Elroy Rd),ROADWAY,2017-10-13T13:56:00.000, MC ANGUS RD,,11406,mcangus_south,Wavetronix,TURNED_ON,BLUETOOTH,SOUTHEAST,
122,LOC16-000590,71,5155253,2018-03-04T09:35:00.000,9, LAMAR BLVD,500,OFFLINE,,,"{'type': 'Point', 'coordinates': [-97.7546005, 30.2702904]}",30.2702904,-97.7546005, 5TH ST / LAMAR BLVD,ROADWAY,2017-09-15T12:14:00.000, 5TH ST,,926,lamar_5th,Wavetronix,TURNED_ON,BLUETOOTH,CENTRAL,
123,LOC16-002325,85,5161813,2018-01-21T09:35:00.000,4,PAYTON GIN RD,801,OFFLINE,,,"{'type': 'Point', 'coordinates': [-97.7001114, 30.3576469]}",30.3576469,-97.7001114,LAMAR BLVD / PAYTON GIN RD,ROADWAY,,LAMAR BLVD,,8900,lamar_payton_gin,,TURNED_ON,BLUETOOTH,NORTHEAST,
124,LOC16-000835,181,5160349,2018-03-29T03:35:00.000,9,IH 35 SVRD,4300,ONLINE,,,"{'type': 'Point', 'coordinates': [-97.7157364, 30.3026237]}",30.3026237,-97.7157364, AIRPORT BLVD / 35 SVRD,ROADWAY,2017-08-02T10:10:00.000, AIRPORT BLVD,,4457,,TrafficNet,TURNED_ON,BLUETOOTH,NORTHEAST,
125,LOC16-000835,182,5160349,2018-03-29T03:35:00.000,9,IH 35 SVRD,4300,ONLINE,,,"{'type': 'Point', 'coordinates': [-97.7157364, 30.3026237]}",30.3026237,-97.7157364, AIRPORT BLVD / 35 SVRD,ROADWAY,2017-08-02T10:11:00.000, AIRPORT BLVD,,4457,,TrafficNet,TURNED_ON,BLUETOOTH,NORTHEAST,
126,LOC17-010490,186,5158644,2018-03-29T03:35:00.000,"7,9", ZENNIA ST,701,ONLINE,26,,"{'type': 'Point', 'coordinates': [-97.730292, 30.319905]}",30.319905,-97.730292, LAMAR BLVD / ZENNIA ST,ROADWAY,2018-02-09T16:41:00.000, LAMAR BLVD,,5200,,Wavetronix,TURNED_ON,RADAR,NORTHEAST,
127,LOC17-010495,187,,2017-08-17T12:28:00.000,"7,4",  ,,OFFLINE,,,"{'type': 'Point', 'coordinates': [-97.716444, 30.341338]}",30.341338,-97.716444,7200 BLK N LAMAR BLVD,ROADWAY,2017-08-17T12:28:00.000, LAMAR BLVD,,7200,,Wavetronix,TURNED_ON,RADAR,NORTHEAST,
128,LOC17-010500,188,,2018-01-12T09:35:00.000,"7,4",  ,,OFFLINE,,DPS,"{'type': 'Point', 'coordinates': [-97.724821, 30.328184]}",30.328184,-97.724821,5900 BLK N LAMAR BLVD (DPS),ROADWAY,2017-08-17T12:32:00.000, LAMAR BLVD,,5900,,Wavetronix,TURNED_ON,RADAR,NORTHEAST,
129,LOC17-010505,189,,2018-03-04T09:35:00.000,10,  ,,OFFLINE,,,"{'type': 'Point', 'coordinates': [-97.76388, 30.342242]}",30.342242,-97.76388,3800 BLK FM 2222 RD,ROADWAY,2017-08-17T13:01:00.000,FM 2222 RD,,3800,,Wavetronix,TURNED_ON,RADAR,NORTHWEST,
130,LOC17-012285,191,,2017-12-02T03:35:00.000,7, CADDO ST,601,NO COMMUNICATION,,,"{'type': 'Point', 'coordinates': [-97.68455, 30.385798]}",30.385798,-97.68455, LAMAR BLVD / CADDO ST,ROADWAY,2017-12-01T16:45:00.000, LAMAR BLVD,,11508,,Wavetronix,TURNED_ON,RADAR,NORTHEAST,2013-05-05T00:00:00.000
131,LOC17-012290,192,,2017-12-02T03:35:00.000,4, BEAVER ST,501,NO COMMUNICATION,,,"{'type': 'Point', 'coordinates': [-97.704086, 30.354446]}",30.354446,-97.704086, LAMAR BLVD / BEAVER ST,ROADWAY,2017-12-01T16:44:00.000, LAMAR BLVD,,8500,,Wavetronix,TURNED_ON,RADAR,NORTHEAST,2012-05-05T00:00:00.000
132,LOC16-004300,55,5145335,2018-05-12T03:35:00.000,6,FM 2222 RD,10801,OFFLINE,,,"{'type': 'Point', 'coordinates': [-97.8540649, 30.4036922]}",30.4036922,-97.8540649,FM 620 RD / 2222 RD,ROADWAY,,FM 620 RD,,7100,fm2222_rm620,,TURNED_ON,BLUETOOTH,NORTHWEST,
133,LOC16-003810,79,5154288,2018-04-26T03:35:00.000,5,LAMAR SQUARE DR,1301,ONLINE,,,"{'type': 'Point', 'coordinates': [-97.7625885, 30.2542477]}",30.2542477,-97.7625885,LAMAR BLVD / LAMAR SQUARE DR,ROADWAY,,LAMAR BLVD,,1200,lamar_lamar_square,,TURNED_ON,BLUETOOTH,SOUTHWEST,
134,LOC16-000620,80,5152101,2018-04-26T03:35:00.000,5,MANCHACA RD,2801,ONLINE,,Barton Skwy,"{'type': 'Point', 'coordinates': [-97.781395, 30.244257]}",30.244257,-97.781395,LAMAR BLVD / MANCHACA RD (Barton Skwy),ROADWAY,,LAMAR BLVD,,2800,Lamar_and_Manchca_Barton_skyway,,TURNED_ON,BLUETOOTH,SOUTHWEST,
135,LOC16-000610,83,5153332,2018-04-26T03:35:00.000,5,OLTORF ST,1401,ONLINE,,,"{'type': 'Point', 'coordinates': [-97.7699509, 30.2484131]}",30.2484131,-97.7699509,LAMAR BLVD / OLTORF ST,ROADWAY,,LAMAR BLVD,,2059,lamar_oltorf,,TURNED_ON,BLUETOOTH,SOUTHWEST,
136,LOC16-000545,81,5155501,2018-03-29T03:35:00.000,9,MARTIN LUTHER KING JR BLVD,1109,ONLINE,,,"{'type': 'Point', 'coordinates': [-97.7520752, 30.2836018]}",30.2836018,-97.7520752,LAMAR BLVD / MARTIN LUTHER KING JR BLVD,ROADWAY,,LAMAR BLVD,,1900,lamar_mlk,,TURNED_ON,BLUETOOTH,CENTRAL,
137,LOC16-002310,82,5160315,2018-03-29T03:35:00.000,"7,4",MORROW ST,701,ONLINE,,,"{'type': 'Point', 'coordinates': [-97.7149658, 30.3439732]}",30.3439732,-97.7149658,LAMAR BLVD / MORROW ST,ROADWAY,,LAMAR BLVD,,7500,lamar_morrow,,TURNED_ON,BLUETOOTH,NORTHEAST,
138,LOC16-002540,84,5164152,2018-03-29T03:35:00.000,7,PARMER LN,1001,ONLINE,,,"{'type': 'Point', 'coordinates': [-97.6782227, 30.4078522]}",30.4078522,-97.6782227,LAMAR BLVD / PARMER LN,BUILDING,,LAMAR BLVD,,12400,lamar_parmer,,TURNED_ON,BLUETOOTH,NORTHWEST,
139,LOC16-001470,90,5156605,2018-03-29T03:35:00.000,9,LAVACA ST,600,ONLINE,,,"{'type': 'Point', 'coordinates': [-97.7452011, 30.2687168]}",30.2687168,-97.7452011,6TH ST / LAVACA ST,ROADWAY,,6TH ST,,300,lavaca_6th,,TURNED_ON,BLUETOOTH,CENTRAL,
140,LOC16-000110,91,5157068,2018-03-29T03:35:00.000,9,MARTIN LUTHER KING JR BLVD,401,ONLINE,,,"{'type': 'Point', 'coordinates': [-97.7419281, 30.2817326]}",30.2817326,-97.7419281,GUADALUPE ST / MARTIN LUTHER KING JR BLVD,ROADWAY,,GUADALUPE ST,,1900,mlk_guadalupe,,TURNED_ON,BLUETOOTH,CENTRAL,
141,LOC16-000170,92,5158756,2018-03-29T03:35:00.000,1,IH 35 SVRD,1900,ONLINE,,,"{'type': 'Point', 'coordinates': [-97.730484, 30.2785587]}",30.2785587,-97.730484,MARTIN LUTHER KING JR BLVD / 35 SVRD,ROADWAY,,MARTIN LUTHER KING JR BLVD,,600,mlk_ih35,,TURNED_ON,BLUETOOTH,CENTRAL,
142,LOC16-000115,93,5157273,2018-03-29T03:35:00.000,9,MARTIN LUTHER KING JR BLVD,301,ONLINE,,,"{'type': 'Point', 'coordinates': [-97.740509, 30.2813282]}",30.2813282,-97.740509,LAVACA ST / MARTIN LUTHER KING JR BLVD,ROADWAY,,LAVACA ST,,1800,mlk_lavaca,,TURNED_ON,BLUETOOTH,CENTRAL,
143,LOC16-000135,94,5158551,2018-03-29T03:35:00.000,1,RED RIVER ST,1900,ONLINE,,,"{'type': 'Point', 'coordinates': [-97.732193, 30.2789745]}",30.2789745,-97.732193,MARTIN LUTHER KING JR BLVD / RED RIVER ST,ROADWAY,,MARTIN LUTHER KING JR BLVD,,400,mlk_red_river,,TURNED_ON,BLUETOOTH,CENTRAL,
144,LOC16-001085,88,5157084,2018-01-20T09:35:00.000,"1,9",LAVACA ST,1500,OFFLINE,,,"{'type': 'Point', 'coordinates': [-97.7419281, 30.2776051]}",30.2776051,-97.7419281,15TH ST / LAVACA ST,ROADWAY,,15TH ST,,300,lavaca_15th,,TURNED_ON,BLUETOOTH,CENTRAL,
145,LOC16-004100,155,5149818,2018-06-06T03:35:00.000,10, CEDAR ST,6301,ONLINE,9,,"{'type': 'Point', 'coordinates': [-97.8035583, 30.339468]}",30.339468,-97.8035583, CAPITAL OF TEXAS HWY / CEDAR ST,ROADWAY,2017-07-03T10:42:00.000, CAPITAL OF TEXAS HWY,,3700,,Wavetronix,TURNED_ON,RADAR,NORTHWEST,2015-06-17T00:00:00.000
146,LOC16-007015,58,5166040,2018-03-04T09:35:00.000,2,BURLESON RD,10300,OFFLINE,,,"{'type': 'Point', 'coordinates': [-97.659321, 30.167316]}",30.167316,-97.659321,FM 973 RD / BURLESON RD,ROADWAY,,FM 973 RD,,6210,fm973_burleson,,TURNED_ON,BLUETOOTH,SOUTHEAST,
147,LOC16-004465,104,5148045,2018-03-29T03:35:00.000,6,EL SALIDO PKWY,11701,ONLINE,,,"{'type': 'Point', 'coordinates': [-97.8231125, 30.4580345]}",30.4580345,-97.8231125,FM 620 RD / EL SALIDO PKWY,ROADWAY,,FM 620 RD,,11804,rm620_el_salido,,TURNED_ON,BLUETOOTH,NORTHWEST,
148,LOC16-004415,107,5150132,2018-01-21T09:35:00.000,6,US 183 HWY SVRD,13877,OFFLINE,,,"{'type': 'Point', 'coordinates': [-97.7966461, 30.4691181]}",30.4691181,-97.7966461,FM 620 RD / 183 HWY SVRD,ROADWAY,2017-08-01T15:20:00.000,FM 620 RD,,13100,rm620_us183,TrafficNet,TURNED_ON,BLUETOOTH,NORTHWEST,
149,LOC16-004480,105,5148292,2018-03-29T03:35:00.000,6,HATCH RD,3400,ONLINE,,,"{'type': 'Point', 'coordinates': [-97.8199234, 30.4608479]}",30.4608479,-97.8199234,FM 620 RD / HATCH RD,ROADWAY,,FM 620 RD,,12108,rm620_hatch,,TURNED_ON,BLUETOOTH,NORTHWEST,
150,LOC16-001575,110,5168019,2018-03-29T03:35:00.000,2,ROSS RD,5413,ONLINE,,,"{'type': 'Point', 'coordinates': [-97.6231079, 30.1694298]}",30.1694298,-97.6231079,PEARCE LN / ROSS RD,ROADWAY,,PEARCE LN,,12400,ross_pearce,,TURNED_ON,BLUETOOTH,SOUTHEAST,
151,LOC16-002440,121,5163534,2018-03-04T09:35:00.000,3,VARGAS RD,301,OFFLINE,,,"{'type': 'Point', 'coordinates': [-97.6882172, 30.2398014]}",30.2398014,-97.6882172,BASTROP HWY / VARGAS RD,ROADWAY,,BASTROP HWY,,247,us183_vargas,,TURNED_ON,BLUETOOTH,SOUTHWEST,
152,LOC16-004475,109,5148573,2018-03-29T03:35:00.000,6,LAKE CREEK PKWY,11422,ONLINE,,,"{'type': 'Point', 'coordinates': [-97.8160172, 30.4621582]}",30.4621582,-97.8160172,FM 620 RD / LAKE CREEK PKWY,ROADWAY,,FM 620 RD,,12220,rm620_lake_creek,,TURNED_ON,BLUETOOTH,NORTHWEST,
153,LOC16-000665,112,5155886,2018-03-29T03:35:00.000,9,BARTON SPRINGS RD,401,ONLINE,,,"{'type': 'Point', 'coordinates': [-97.7500687, 30.2583828]}",30.2583828,-97.7500687,1ST ST / BARTON SPRINGS RD,ROADWAY,,1ST ST,,300,south_1st_barton_spring,,TURNED_ON,BLUETOOTH,SOUTHWEST,
154,LOC16-002490,14,5161016,2018-03-29T03:35:00.000,"3,2",MONTOPOLIS DR,3000,ONLINE,,,"{'type': 'Point', 'coordinates': [-97.7120972, 30.2126865]}",30.2126865,-97.7120972,BEN WHITE BLVD SVRD / MONTOPOLIS DR,ROADWAY,,BEN WHITE BLVD SVRD,,6304,benwhite_montopolis,,TURNED_ON,BLUETOOTH,SOUTHEAST,
155,LOC16-003495,124,5144363,2018-03-04T09:35:00.000,8,US 290 HWY,6851,OFFLINE,,,"{'type': 'Point', 'coordinates': [-97.8747025, 30.2333431]}",30.2333431,-97.8747025,SH 71  / 290 HWY,ROADWAY,2017-08-01T15:21:00.000,SH 71 ,,6901,us290_tx71,TrafficNet,TURNED_ON,BLUETOOTH,SOUTHWEST,
156,LOC16-003165,100,5147797,2018-03-29T03:35:00.000,6,ANDERSON MILL RD,11611,ONLINE,,,"{'type': 'Point', 'coordinates': [-97.8258057, 30.4554501]}",30.4554501,-97.8258057,FM 620 RD / ANDERSON MILL RD,ROADWAY,,FM 620 RD,,11600,rm620_anderson_mill,,TURNED_ON,BLUETOOTH,NORTHWEST,
157,LOC16-004330,108,5145963,2018-05-13T03:35:00.000,6,WILSON PARKE AVE,11701,OFFLINE,,,"{'type': 'Point', 'coordinates': [-97.8473129, 30.416769]}",30.416769,-97.8473129,FM 620 RD / WILSON PARKE AVE,ROADWAY,,FM 620 RD,,8116,rm620_wilson_park,,TURNED_ON,BLUETOOTH,NORTHWEST,
158,LOC16-001980,118,5151543,2018-03-29T03:35:00.000,2,1ST ST,6519,ONLINE,,,"{'type': 'Point', 'coordinates': [-97.7878189, 30.1970978]}",30.1970978,-97.7878189,WILLIAM CANNON DR / 1ST ST,ROADWAY,,WILLIAM CANNON DR,,700,south_1st_wm_cannon,,TURNED_ON,BLUETOOTH,SOUTHWEST,
159,LOC16-002815,2,5153901,2018-03-29T03:35:00.000,9,CAMPBELL ST,500,ONLINE,,,"{'type': 'Point', 'coordinates': [-97.7648392, 30.2748566]}",30.2748566,-97.7648392,5TH ST / CAMPBELL ST,ROADWAY,,5TH ST,,1600,5th_campbell,,TURNED_ON,BLUETOOTH,CENTRAL,
160,LOC16-004235,123,5164191,2018-03-04T09:35:00.000,2,METROPOLIS DR,7700,OFFLINE,,,"{'type': 'Point', 'coordinates': [-97.6832809, 30.2099247]}",30.2099247,-97.6832809,US 183 HWY / METROPOLIS DR,ROADWAY,,US 183 HWY,,2800,us183_metropolis,,TURNED_ON,BLUETOOTH,SOUTHEAST,
161,LOC16-003480,125,5144899,2018-04-26T03:35:00.000,8, WILLIAM CANNON DR,6400,ONLINE,,,"{'type': 'Point', 'coordinates': [-97.86483, 30.2340565]}",30.2340565,-97.86483,US 290 HWY / WILLIAM CANNON DR,ROADWAY,2017-08-01T15:23:00.000,US 290 HWY,,6322,us290_wm_cannon,TrafficNet,TURNED_ON,BLUETOOTH,SOUTHWEST,
162,LOC16-004875,11,,2018-03-29T03:35:00.000,6,,,ONLINE,,Bethany,"{'type': 'Point', 'coordinates': [-97.7977066, 30.4469604]}",30.4469604,-97.7977066,9700 BLK ANDERSON MILL RD (Bethany),ROADWAY,,ANDERSON MILL RD,,9700,anderson_mill_bethany,,TURNED_ON,BLUETOOTH,NORTHWEST,
163,LOC16-004280,12,5149246,2018-03-29T03:35:00.000,6,SPICEWOOD PKWY,11610,ONLINE,,,"{'type': 'Point', 'coordinates': [-97.8072357, 30.4471569]}",30.4471569,-97.8072357,ANDERSON MILL RD / SPICEWOOD PKWY,ROADWAY,,ANDERSON MILL RD,,10407,anderson_mill_spicewood_parkway,,TURNED_ON,BLUETOOTH,NORTHWEST,
164,LOC16-002435,120,5163798,2018-03-29T03:35:00.000,2,BURLESON RD,8300,ONLINE,,,"{'type': 'Point', 'coordinates': [-97.6876297, 30.1828804]}",30.1828804,-97.6876297,US 183 HWY / BURLESON RD,ROADWAY,,US 183 HWY,,4500,us183_burleson,,TURNED_ON,BLUETOOTH,SOUTHEAST,
165,LOC16-002950,13,5150772,2018-03-29T03:35:00.000,6,US 183 HWY SVRD,13437,ONLINE,,,"{'type': 'Point', 'coordinates': [-97.7900314, 30.4488926]}",30.4488926,-97.7900314,ANDERSON MILL RD / 183 HWY SVRD,ROADWAY,,ANDERSON MILL RD,,9320,anderson_mill_us183,,TURNED_ON,BLUETOOTH,NORTHWEST,
166,LOC16-004375,102,5146359,2018-05-13T03:35:00.000,6,BOULDER LN,10200,OFFLINE,,South,"{'type': 'Point', 'coordinates': [-97.842659, 30.4287834]}",30.4287834,-97.842659,FM 620 RD / BOULDER LN (South),ROADWAY,,FM 620 RD,,8400,rm620_boulder_south,,TURNED_ON,BLUETOOTH,NORTHWEST,
167,LOC16-000200,135,5157120,2018-04-18T03:35:00.000,9,GUADALUPE ST,2520,ONLINE,,,"{'type': 'Point', 'coordinates': [-97.7413559, 30.289814]}",30.289814,-97.7413559,DEAN KEETON ST / GUADALUPE ST,ROADWAY,,DEAN KEETON ST,,300,guadalupe_26th,,TURNED_ON,BLUETOOTH,CENTRAL,
168,LOC16-002660,115,5153502,2018-03-29T03:35:00.000,3,BEN WHITE BLVD SVRD,600,ONLINE,,,"{'type': 'Point', 'coordinates': [-97.7692413, 30.226881]}",30.226881,-97.7692413,1ST ST / BEN WHITE BLVD SVRD,ROADWAY,,1ST ST,,3817,south_1st_benwhite,,TURNED_ON,BLUETOOTH,SOUTHWEST,
169,LOC16-002030,132,5153808,2018-03-29T03:35:00.000,2,BLUFF SPRINGS RD,6601,ONLINE,,,"{'type': 'Point', 'coordinates': [-97.7678909, 30.1891956]}",30.1891956,-97.7678909,WILLIAM CANNON DR / BLUFF SPRINGS RD,ROADWAY,,WILLIAM CANNON DR,,1616,wm_cannon_bluff_springs,,TURNED_ON,BLUETOOTH,SOUTHWEST,
170,LOC16-004920,139,5161667,2018-03-29T03:35:00.000,"4,9",MUELLER BLVD,5000,ONLINE,,,"{'type': 'Point', 'coordinates': [-97.7028351, 30.3057785]}",30.3057785,-97.7028351,51ST ST / MUELLER BLVD,ROADWAY,,51ST ST,,1300,51st_mueller,,TURNED_ON,BLUETOOTH,NORTHEAST,
171,LOC16-003185,140,5164505,2018-03-29T03:35:00.000,1,51ST ST,3200,ONLINE,,,"{'type': 'Point', 'coordinates': [-97.6778107, 30.2936001]}",30.2936001,-97.6778107,SPRINGDALE RD / 51ST ST,ROADWAY,,SPRINGDALE RD,,5100,51st_springdale,,TURNED_ON,BLUETOOTH,NORTHEAST,
172,LOC16-000750,1,5157156,2018-03-29T03:35:00.000,9,2ND ST,200,ONLINE,,,"{'type': 'Point', 'coordinates': [-97.7417908, 30.2636414]}",30.2636414,-97.7417908,SAN JACINTO BLVD / 2ND ST,ROADWAY,,SAN JACINTO BLVD,,200,2nd_san_jacinto,,TURNED_ON,BLUETOOTH,CENTRAL,
173,LOC16-000645,128,5153923,2018-03-29T03:35:00.000,5,ROBERT E LEE RD,401,ONLINE,,,"{'type': 'Point', 'coordinates': [-97.7649841, 30.2647686]}",30.2647686,-97.7649841,BARTON SPRINGS RD / ROBERT E LEE RD,ROADWAY,,BARTON SPRINGS RD,,1901,bartonsprings_robertelee,,TURNED_ON,BLUETOOTH,SOUTHWEST,
174,LOC16-000195,134,5157100,2018-04-18T03:35:00.000,9,24TH ST,401,ONLINE,,,"{'type': 'Point', 'coordinates': [-97.7415466, 30.2877197]}",30.2877197,-97.7415466,GUADALUPE ST / 24TH ST,ROADWAY,,GUADALUPE ST,,2400,guadalupe_24th,,TURNED_ON,BLUETOOTH,CENTRAL,
175,LOC16-001800,10,5161943,2018-04-27T03:35:00.000,3,SPRINGDALE RD,700,ONLINE,,,"{'type': 'Point', 'coordinates': [-97.7016754, 30.2560368]}",30.2560368,-97.7016754,7TH ST / SPRINGDALE RD,ROADWAY,,7TH ST,,3500,7th_springdale,,TURNED_ON,BLUETOOTH,CENTRAL,
176,LOC16-003240,138,5163482,2018-03-29T03:35:00.000,"1,9",51ST ST,2300,ONLINE,,,"{'type': 'Point', 'coordinates': [-97.6870575, 30.2981815]}",30.2981815,-97.6870575,MANOR RD / 51ST ST,ROADWAY,,MANOR RD,,5100,51st_manor,,TURNED_ON,BLUETOOTH,NORTHEAST,
177,LOC16-007255,122,5163226,2018-01-21T09:35:00.000,,FM 812 RD,8600,OFFLINE,,,"{'type': 'Point', 'coordinates': [-97.69317091, 30.1641817]}",30.1641817,-97.69317091,US 183 HWY / 812 RD,ROADWAY,,US 183 HWY,,6500,us183_fm812,,TURNED_ON,BLUETOOTH,SOUTHEAST,
178,LOC16-003080,106,5149456,2018-01-20T09:35:00.000,6, PECAN PARK BLVD,11000,OFFLINE,,,"{'type': 'Point', 'coordinates': [-97.8042831, 30.4667587]}",30.4667587,-97.8042831,FM 620 RD / PECAN PARK BLVD,ROADWAY,2017-08-01T15:19:00.000,FM 620 RD,,12700,rm620_pecan_park,TrafficNet,TURNED_ON,BLUETOOTH,NORTHWEST,
179,LOC16-001970,114,5153096,2018-03-29T03:35:00.000,3,ST ELMO RD,601,ONLINE,,,"{'type': 'Point', 'coordinates': [-97.7728806, 30.2210426]}",30.2210426,-97.7728806,1ST ST / ST ELMO RD,ROADWAY,,1ST ST,,4400,south_1st_st_elmo,,TURNED_ON,BLUETOOTH,SOUTHWEST,
180,LOC16-002055,131,5147962,2018-04-26T03:35:00.000,"8,5",WILLIAM CANNON DR,3501,ONLINE,,,"{'type': 'Point', 'coordinates': [-97.8303833, 30.2137775]}",30.2137775,-97.8303833,BRODIE LN / WILLIAM CANNON DR,ROADWAY,,BRODIE LN,,6912,wm_cannon_brodie,,TURNED_ON,BLUETOOTH,SOUTHWEST,
181,LOC16-003825,133,5163342,2018-03-29T03:35:00.000,4,MIDDLE FISKVILLE RD,9400,ONLINE,,,"{'type': 'Point', 'coordinates': [-97.6865082, 30.3574352]}",30.3574352,-97.6865082,RUNDBERG LN / MIDDLE FISKVILLE RD,ROADWAY,,RUNDBERG LN,,800,rundberg_middle_fiskville,,TURNED_ON,BLUETOOTH,NORTHEAST,
182,LOC16-000215,178,5156858,2018-05-30T03:35:00.000,9, 29TH ST,601,ONLINE,,,"{'type': 'Point', 'coordinates': [-97.7428131, 30.2954292]}",30.2954292,-97.7428131, GUADALUPE ST / 29TH ST,ROADWAY,2017-08-02T09:46:00.000, GUADALUPE ST,,2900,,TrafficNet,TURNED_ON,BLUETOOTH,CENTRAL,
183,LOC16-004380,101,5147160,2018-05-13T03:35:00.000,6,BOULDER LN,11700,OFFLINE,,North,"{'type': 'Point', 'coordinates': [-97.8331299, 30.4434834]}",30.4434834,-97.8331299,FM 620 RD / BOULDER LN (North),ROADWAY,,FM 620 RD,,10443,rm620_boulder_north,,TURNED_ON,BLUETOOTH,NORTHWEST,
184,LOC16-000915,145,5151313,2018-01-11T09:35:00.000,5,PANTHER TRL,2317,OFFLINE,,,"{'type': 'Point', 'coordinates': [-97.7892838, 30.2386703]}",30.2386703,-97.7892838,LAMAR BLVD / PANTHER TRL,ROADWAY,,LAMAR BLVD,,3201,lamar_panther,,TURNED_ON,BLUETOOTH,SOUTHWEST,
185,LOC16-004470,103,5148947,2018-03-29T03:35:00.000,6,DEERBROOK TRL,12324,ONLINE,,,"{'type': 'Point', 'coordinates': [-97.8106232, 30.4638901]}",30.4638901,-97.8106232,FM 620 RD / DEERBROOK TRL,ROADWAY,,FM 620 RD,,12400,rm620_deerbrook,,TURNED_ON,BLUETOOTH,NORTHWEST,
186,LOC16-000640,127,5154418,2018-03-29T03:35:00.000,5,KINNEY AVE,501,ONLINE,,,"{'type': 'Point', 'coordinates': [-97.761467, 30.261982]}",30.261982,-97.761467,BARTON SPRINGS RD / KINNEY AVE,ROADWAY,,BARTON SPRINGS RD,,1501,bartonsprings_Kinney,,TURNED_ON,BLUETOOTH,SOUTHWEST,
187,LOC16-007265,153,,2018-03-29T03:35:00.000,5,  ,,ONLINE,14,South of Barton Springs Rd,"{'type': 'Point', 'coordinates': [-97.765802, 30.264245]}",30.264245,-97.765802,400 BLK AZIE MORTON RD (South of Barton Springs Rd),ROADWAY,2017-07-03T10:28:00.000, AZIE MORTON RD,,400,,Wavetronix,TURNED_ON,RADAR,SOUTHWEST,2015-05-05T00:00:00.000
188,LOC16-000515,65,5155653,2018-03-04T09:35:00.000,9,PARKWAY,1200,OFFLINE,,,"{'type': 'Point', 'coordinates': [-97.7511673, 30.277359]}",30.277359,-97.7511673,LAMAR BLVD / PARKWAY,ROADWAY,,LAMAR BLVD,,1200,lamar_12th,,TURNED_ON,BLUETOOTH,CENTRAL,
189,LOC16-000335,96,5159542,2018-03-29T03:35:00.000,9, 38TH HALF ST,800,ONLINE,,,"{'type': 'Point', 'coordinates': [-97.7231445, 30.2965431]}",30.2965431,-97.7231445, RED RIVER ST / 38TH HALF ST,ROADWAY,2017-08-01T15:16:00.000, RED RIVER ST,,3808,red_river_38th,TrafficNet,TURNED_ON,BLUETOOTH,CENTRAL,
190,LOC16-007025,48,5167173,2018-04-18T03:35:00.000,2,HEINE FARM RD,7113,ONLINE,,,"{'type': 'Point', 'coordinates': [-97.639766, 30.153975]}",30.153975,-97.639766,ELROY RD / HEINE FARM RD,ROADWAY,,ELROY RD,,7200,elroy_mcangus,,TURNED_ON,BLUETOOTH,SOUTHEAST,
191,LOC16-000595,86,5154958,2018-04-26T03:35:00.000,5,RIVERSIDE DR,1200,ONLINE,,,"{'type': 'Point', 'coordinates': [-97.757103, 30.2645245]}",30.2645245,-97.757103,LAMAR BLVD / RIVERSIDE DR,ROADWAY,,LAMAR BLVD,,200,lamar_riverside,,TURNED_ON,BLUETOOTH,SOUTHWEST,
192,LOC16-001120,40,5155942,2018-03-29T03:35:00.000,9,ELIZABETH ST,101,ONLINE,,,"{'type': 'Point', 'coordinates': [-97.749939, 30.2489243]}",30.2489243,-97.749939,CONGRESS AVE / ELIZABETH ST,ROADWAY,,CONGRESS AVE,,1500,congress_elizabeth,,TURNED_ON,BLUETOOTH,SOUTHWEST,
